idTitre:ID,artiste,nomChanson,:LABEL
t1,A cause des garçons,A cause des garçons,Titre
t2,Adam et Eve,Rien ne se finit ,Titre
t3,Adam et Eve,Ma bataille,Titre
t4,Alain Barrière & Noelle Cordier,Tu t’en vas,Titre
t5,Alain Bashung,Gaby oh Gaby,Titre
t6,Alain Bashung,La nuit je mens,Titre
t7,Alain Bashung,Ma petite entreprise,Titre
t8,Alain Bashung,Résident de la république,Titre
t9,Alain Bashung,Osez Joséphine,Titre
t10,Alain Bashung,Vertige de l’amour,Titre
t11,Alain Chabat et Gérard Darmon,La carioca,Titre
t12,Alain Chamfort,Manureva,Titre
t13,Alain Chamfort,Bambou,Titre
t14,Alain Chamfort,Le temps qui court,Titre
t15,Alain Souchon,Foule sentimentale,Titre
t16,Alain Souchon,L’amour à la machine,Titre
t17,Alain Souchon,Allo maman bobo,Titre
t18,Alain Souchon,Bidon,Titre
t19,Alain Souchon,J’ai 10 ans,Titre
t20,Alain Souchon,Jamais content,Titre
t21,Aladin,Prince Ali,Titre
t22,Alizée,J’en ai marre,Titre
t23,Alizée,Moi lolita,Titre
t24,Amandine Bourgeois,L’homme de la situation,Titre
t25,Amel Bent,Le droit à l’erreur,Titre
t26,Amel Bent,Où je vais,Titre
t27,Amel Bent,Ne retiens pas tes larmes,Titre
t28,Amel Bent,Ma philosophie,Titre
t29,Andrea Bocelli et Hélène Ségara,Vivo per lei,Titre
t30,Anaïs,Mon cœur mon amour,Titre
t31,Anggun,La neige au sahara,Titre
t32,Annie Cordi,Tata Yoyo,Titre
t33,Annie Cordi,La bonne du curé,Titre
t34,Antoine,Les élucubrations d’Antoine,Titre
t35,Ariane Moffatt,Je veux tout,Titre
t36,Au bonheur des dames,Oh les filles,Titre
t37,Au p’tit bonheur,J’veux du soleil,Titre
t38,Axel Bauer,Cargo de nuit,Titre
t39,Axel Bauer,Eteins la lumière,Titre
t40,Axel Bauer et Zazie,A ma place,Titre
t41,Axelle Red,Sensualité,Titre
t42,Axelle Red,Rester Femme,Titre
t43,Axelle Red,Le monde tourne mal,Titre
t44,Axelle Red,Ma prière,Titre
t45,Axelle Red,Parce que c’est toi,Titre
t46,Axelle Red,Ce matin,Titre
t47,Bandolero,Paris Latino,Titre
t48,Barbara,L’aigle noir,Titre
t49,BB Brunes,Coups et blessures,Titre
t50,BB Brunes,Dis-moi,Titre
t51,BB Brunes,Stéréo,Titre
t52,BB Brunes,Lalalove you,Titre
t53,Ben l’Oncle Soul,Elle me dit,Titre
t54,Ben l'Oncle Soul,Soulman,Titre
t55,Bernard Lavilliers,La salsa,Titre
t56,Bernard Lavilliers,Idées noires,Titre
t57,Bénabar,Le dîner,Titre
t58,Bénabar,Maritie et Gilbert Carpentier,Titre
t59,Bénabar,L’effet Papillon,Titre
t60,Bill Baxter,Embrasse-moi idiot,Titre
t61,Billy Ze Kick,Mangez-moi mangez-moi,Titre
t62,Brice Conrad,Oh la,Titre
t63,Brigitte Bardot,Harley Davidson,Titre
t64,Brigitte Bardot,Tu veux ou tu veux pas,Titre
t65,Cali,Je m’en vais,Titre
t66,Cali,Elle m’a dit,Titre
t67,Calogero,En apesanteur,Titre
t68,Calogero,Si seulement je pouvais lui manquer,Titre
t69,Calogero,Yalla,Titre
t70,Calogero,C’est dit,Titre
t71,Calogero & Passi,Face à la mer,Titre
t72,Calogero,Pomme C,Titre
t73,Camélia Jordana,Non non non non (écouter Barbara),Titre
t74,Camille,Ta douleur,Titre
t75,Carla Bruni,Raphael,Titre
t76,Carla Bruni,Quelqu’un m’a dit,Titre
t77,Carla Bruni,Mon raymond,Titre
t78,Carlos,La cantine,Titre
t79,Carlos,Rosalie,Titre
t80,Carlos,Tout nu et tout bronzé,Titre
t81,Catherine Lara,Nuit magique,Titre
t82,Catherine Lara,La rockeuse de diamant,Titre
t83,Céline Dion,D’amour ou d’amitié,Titre
t84,Céline Dion,Je sais pas,Titre
t85,Céline Dion,En attendant ses pas,Titre
t86,Céline Dion,Il y a trop de gens qui t’aiment,Titre
t87,Céline Dion,Pour que tu m'aimes encore,Titre
t88,Céline Dion,S'il suffisait d'aimer,Titre
t89,Céline Dion,J'irai ou tu ira,Titre
t90,Céline Dion,Dans un autre monde,Titre
t91,Céline Dion,On ne change pas,Titre
t92,Céline Dion,Parler à mon père,Titre
t93,Chagrin d’Amour,Chacun fait (c’qui lui plait),Titre
t94,Charlelie Couture,Comme un avion sans aile,Titre
t95,Charles Aznavour,La bohème,Titre
t96,Charles Aznavour,Je m'voyais déjà,Titre
t97,Charles Aznavour,For me formidable,Titre
t98,Charles Aznavour,Emmenez-moi,Titre
t99,Charles Aznavour,Mes emmerdes,Titre
t100,Charles Aznavour,Tu t’laisses aller,Titre
t101,Charles Aznavour,La mamma,Titre
t102,Charles Aznavour,Désormais,Titre
t103,Charles Aznavour,Les plaisirs démodés,Titre
t104,Charles Aznavour,Les comédiens,Titre
t105,Charles Aznavour,Le temps,Titre
t106,Charles Trenet,Douce France,Titre
t107,Chimène Badi,Entre nous,Titre
t108,Christophe,Les mots bleus,Titre
t109,Christophe,Petite fille du soleil,Titre
t110,Christophe,Aline,Titre
t111,Christophe,Les marionnettes,Titre
t112,Christophe,Señorita,Titre
t113,Christophe,Succès fou,Titre
t114,Christophe Maé,Mon p’tit gars,Titre
t115,Christophe Maé,On s'attache,Titre
t116,Christophe Maé,Dingue dingue dingue,Titre
t117,Christophe Maé,Tombé sous le charme,Titre
t118,Christophe Maé,Belle Demoiselle,Titre
t119,Christophe Maé,Ca fait mal,Titre
t120,Christophe Maé,Un peu de blues,Titre
t121,Christophe Maé,Ca marche,Titre
t122,Christophe Maé,Je me lâche,Titre
t123,Christophe Maé,Parce qu’on ne sait jamais,Titre
t124,Christophe Willem,Double je,Titre
t125,Christophe Willem,Jacques a dit,Titre
t126,C Jérome,Et tu danses avec lui,Titre
t127,C Jérome,Kiss Me,Titre
t128,C Jérome,C’est moi,Titre
t129,Claude Barzotti,Le rital,Titre
t130,Claude François, Marche tout droit,Titre
t131,Claude François,Bélinda,Titre
t132,Claude François,C’est la même chanson,Titre
t133,Claude François,Le téléphone pleure,Titre
t134,Claude François,J’attendrai,Titre
t135,Claude François,Même si tu revenais,Titre
t136,Claude François,Comme d'habitude,Titre
t137,Claude François,Alexandrie Alexandra,Titre
t138,Claude François,Le lundi au soleil,Titre
t139,Claude François,Si j'avais un marteau,Titre
t140,Claude François,Je vais à Rio,Titre
t141,Claude François,Chanson populaire,Titre
t142,Claude François,Magnolia forever,Titre
t143,Claude François,Belles belles belles,Titre
t144,Claude François,Y’a le printemps qui chante,Titre
t145,Claude François,Cette année-là,Titre
t146,Claude Nougaro,Tu verras,Titre
t147,Claude Nougaro,Armstrong,Titre
t148,Claude Nougaro,Nougayork,Titre
t149,Claude Nougaro,Le jazz et la java,Titre
t150,Cœur de Pirate,Comme des enfants,Titre
t151,Cœur de Pirate,Adieu,Titre
t152,Cœur de Pirate,Ensemble,Titre
t153,Cœur de Pirate,Golden Baby,Titre
t154,Cœur de Pirate & Julien Doré,Pour un infidèle,Titre
t155,Collectif Paris Africa,Des ricochets,Titre
t156,Cookie Dingler,Femme libérée ,Titre
t157,Corynne Charby,Boule de Flipper,Titre
t158,Dalida,Laissez-moi danser,Titre
t159,Dalida,J’attendrai,Titre
t160,Dalida,Gigi L’amoroso,Titre
t161,Dalida,Itsi bitsi petit bikini,Titre
t162,Dalida,Salma Ya Salama,Titre
t163,Dalida,Mourir sur scène,Titre
t164,Dalida,Bambino,Titre
t165,Dalida,Le temps de fleurs,Titre
t166,Dalida & Alain Delon,Paroles paroles,Titre
t167,Daniel Balavoine,Lucie,Titre
t168,Daniel Balavoine,Je ne suis pas un héros,Titre
t169,Daniel Balavoine,Le chanteur,Titre
t170,Daniel Balavoine,La vie ne m'apprend rien,Titre
t171,Daniel Balavoine,L'Aziza,Titre
t172,Daniel Balavoine,Tous les cris les SOS,Titre
t173,Daniel Balavoine,Vivre ou survivre,Titre
t174,Daniel Balavoine,Mon fils ma bataille,Titre
t175,Daniel Balavoine,Aimer est plus fort que d’être aimer,Titre
t176,Daniel Balavoine,Sauver l’amour,Titre
t177,Daniel Balavoine,Dieu que c’est beau,Titre
t178,Daniel Guichard,Le gitan,Titre
t179,Daniel Guichard,Mon vieux,Titre
t180,Daniel Guichard,Faut pas pleurer comme ça,Titre
t181,Daniel Lavoie,Ils s’aiment ,Titre
t182,Daniel Levi & Karine Costa,Ce rêve bleu,Titre
t183,Dany Brillant,Quand je vois tes yeux,Titre
t184,Dany Brillant,Suzette,Titre
t185,Dany Brillant,Y’a que les filles qui m’intéressent,Titre
t186,Dany Brillant,Une fille comme ça,Titre
t187,Dany Brillant,Viens à St Germain,Titre
t188,Dave,Mon cœur est malade,Titre
t189,Dave,Dansez maintenant,Titre
t190,Dave,Vanina,Titre
t191,Dave,Du côté de chez Swann,Titre
t192,David et Jonathan,Est-ce que tu viens pour les vacances,Titre
t193,David Hallyday,Tu ne m’as pas laissé le temps ,Titre
t194,David Martial,Célimène,Titre
t195,Début de Soirée,Nuit de folie,Titre
t196,Demis Roussos,Quand je t’aime,Titre
t197,Désirless,Voyage Voyage,Titre
t198,Diam’s,DJ,Titre
t199,Diane Dufresne,J’ai rencontré l’homme de ma vie,Titre
t200,Diane Tell,Si j’étais un homme,Titre
t201,Didier Barbelivien,Elle,Titre
t202,Dis l’Heure du Zouk,Laisse parler les gens,Titre
t203,Dorothé,Allo Allo monsieur l’ordinateur,Titre
t204,Eddy Mitchell,Pas de boogie-woogie,Titre
t205,Eddy Mitchell,C’est un rocker,Titre
t206,Eddy Mitchell,Sur la route de Memphis,Titre
t207,Eddy Mitchell,Rio Grande,Titre
t208,Eddy Mitchell,Il ne rentre pas ce soir,Titre
t209,Eddy Mitchell,La dernière séance,Titre
t210,Eddy Mitchell,C’est la vie mon chéri,Titre
t211,Eddy Mitchell,Tu peux préparer le café noir,Titre
t212,Eddy Mitchell,Et la voix d’Elvis,Titre
t213,Eddy Mitchell,Happy Birthday Rock’n Roll,Titre
t214,Eddy Mitchell,Couleur menthe à l’eau,Titre
t215,Edith Piaf,L'homme à la moto,Titre
t216,Edith Piaf,Hymne à l'amour,Titre
t217,Edith Piaf,La foule,Titre
t218,Edith Piaf,La vie en rose,Titre
t219,Edith Piaf,Non je ne regrette rien,Titre
t220,Edith Piaf,Mon manège à moi,Titre
t221,Elisa Tovati & Tom Dice,Il nous faut,Titre
t222,Elli Mederios,Toi mon toit,Titre
t223,Elsa & Glenn Medeiros,Un roman d’amitié,Titre
t224,Elsa,T’en va pas,Titre
t225,Emile et Image,Les démons de minuit,Titre
t226,Emma Daumas,Tu seras,Titre
t227,Emmanuelle,Premier baiser,Titre
t228,Emmanuel Moire,Etre à la hauteur,Titre
t229,Emmanuel Moire,Beau Malheur,Titre
t230,Emmanuel Moire,Je fais de toi mon essentiel,Titre
t231,Eric Morena,Oh mon bateau,Titre
t232,Etienne Daho & Dani,Comme un boomerang,Titre
t233,Etienne Daho,Week-end à Rome,Titre
t234,Etienne Daho,Tombé pour la France,Titre
t235,Fatal Bazooka,Parle à ma main,Titre
t236,Fatal Bazooka,Fous ta cagoule,Titre
t237,Faudel,Mon pays,Titre
t238,Felix Gray,La gitane,Titre
t239,Felix Gray & Didier Barbelivien,A toutes les filles,Titre
t240,Fernandel,Félicie aussi,Titre
t241,Florent Pagny,N’importe quoi,Titre
t242,Florent Pagny,Bienvenue chez moi,Titre
t243,Florent Pagny,Chanter,Titre
t244,Florent Pagny,Et un jour une femme,Titre
t245,Florent Pagny,Ma liberté de penser,Titre
t246,Florent Pagny,Là où je t’emmènerais,Titre
t247,Florent Pagny,L’air du temps,Titre
t248,Florent Pagny,Savoir aimer,Titre
t249,Forbans,Chante,Titre
t250,France Gall,Musique,Titre
t251,France Gall,Il jouait du piano debout,Titre
t252,France Gall,Tout pour la musique,Titre
t253,France Gall,Résiste,Titre
t254,France Gall,Poupée de cire poupée de son,Titre
t255,France Gall,Evidemment,Titre
t256,France Gall,Viens je t’emmène,Titre
t257,France Gall,Si maman si,Titre
t258,France Gall,Débranche,Titre
t259,France Gall,Sacré Charlemagne,Titre
t260,France Gall,Amor Tambien (Tout l’monde chante),Titre
t261,France Gall,Comment lui dire,Titre
t262,Francis Cabrel,La dame de Haute-Savoie,Titre
t263,Francis Cabrel,Sarbacane,Titre
t264,Francis Cabrel,Animal ,Titre
t265,Francis Cabrel,C’est écrit,Titre
t266,Francis Cabrel,Encore et encore,Titre
t267,Francis Cabrel,Petite Marie ,Titre
t268,Francis Cabrel,La Corrida,Titre
t269,Francis Cabrel,A l’encre de tes yeux,Titre
t270,Francis Cabrel,Je l'aime à mourir,Titre
t271,Francis Cabrel,Les murs de poussière,Titre
t272,Francis Cabrel,Gardien de nuit,Titre
t273,Francis Lalanne,On se retrouvera,Titre
t274,Francis Lalanne,La maison du bonheur,Titre
t275,François Feldman & Janice Janisson,Joue pas,Titre
t276,François Feldman,Les Valses de Viennes,Titre
t277,François Valery,Elle danse Marie,Titre
t278,François Valery,Aimons-nous vivants,Titre
t279,Françoise Hardy,Comment te dire adieu,Titre
t280,Frédéric François,Mon cœur te dit je t’aime,Titre
t281,Frédéric François,Je t’aime à l’italienne,Titre
t282,Gaétan Roussel,Dis-moi encore que tu m’aimes,Titre
t283,Garou et Céline Dion,Sous le vent,Titre
t284,Garou,Seul,Titre
t285,Garou & Michel Sardou,La rivière de notre enfance,Titre
t286,Georges Brassens,Les copains d’abord,Titre
t287,Georges Moustaki,Ma liberté,Titre
t288,Gérald de Palmas,Sur la route,Titre
t289,Gérald de Palmas,Une seule vie,Titre
t290,Gérald de Palmas,J’en rêve encore,Titre
t291,Gérald de Palmas,Dans une larme,Titre
t292,Gérald de Palmas,Tomber,Titre
t293,Gérald de Palmas,Elle s’ennuie,Titre
t294,Gérald de Palmas,L’étranger,Titre
t295,Gérald de Palmas,Au bord de l’eau,Titre
t296,Gérald de Palmas,Elle habite ici,Titre
t297,Gérard Blanc,Une autre histoire,Titre
t298,Gérard Blanc,Si j’étais président,Titre
t299,Gérard Lenormand,La ballade des gens heureux,Titre
t300,Gérard Lenormand,Michèle,Titre
t301,Gilbert Bécaud,Et maintenant,Titre
t302,Gilbert Bécaud,L’orange,Titre
t303,Gilbert Bécaud,L’important c’est la rose,Titre
t304,Gilbert Montagné,J’ai le blues de toi,Titre
t305,Gilbert Montagné,Les sunlights des tropiques,Titre
t306,Gilbert Montagné,On va s’aimer,Titre
t307,Grégoire,Rue des étoiles,Titre
t308,Grégoire,Toi + Moi,Titre
t309,Grégoire,Ta main,Titre
t310,Grégoire,Danse,Titre
t311,Grégory Lemarchal,Ecris l’histoire,Titre
t312,Gold,Plus près des étoiles,Titre
t313,Gold,Laissez-nous chanter,Titre
t314,Gold,Capitaine Abandonné,Titre
t315,Guesh Patti,Etienne,Titre
t316,Guillaume Grand,Toi et moi,Titre
t317,Guy Marchand,Destinée,Titre
t318,Hélène,Je m’appelle Hélène,Titre
t319,Hélène Ségara,Elle tu l’aimes,Titre
t320,Helmut Fritz,Ca m’énerve ,Titre
t321,Henri Salvador,Zorro est arrivé,Titre
t322,Herbert Léonard & Julie Pietri,Amoureux fous,Titre
t323,Herbert Léonard,Pour le plaisir,Titre
t324,Hervé Christiani,Il est libre Max,Titre
t325,Hervé Villard,Capri c'est fini,Titre
t326,Hervé Villard,Méditerranéenne ,Titre
t327,Hervé Villard,Nous,Titre
t328,Hugues Auffray –Santiano,Titre
t329,IAM,Je danse le Mia,Titre
t330,Il était une fois,J’ai encore rêvé d’elle,Titre
t331,Indochine,L’aventurier,Titre
t332,Indochine,3 nuits par semaine,Titre
t333,Indochine,Tes yeux noirs,Titre
t334,Indochine,J’ai demandé à la lune,Titre
t335,Inna Modja,French Cancan,Titre
t336,Isabelle Adjani,Pull marine,Titre
t337,Isabelle Boulay,Parle-moi,Titre
t338,Jacques Brel,Amsterdam,Titre
t339,Jacques Brel,Vesoul,Titre
t340,Jacques Brel,Ne me quitte pas,Titre
t341,Jacques Brel,Mathilde,Titre
t342,Jacques Brel,Madeleine,Titre
t343,Jacques Brel,Quand on a que l’amour,Titre
t344,Jacques Brel,La valse a mille temps,Titre
t345,Jacques Dutronc ,Gentleman cambrioleur,Titre
t346,Jacques Igelin,Tombé du ciel,Titre
t347,Jacques Igelin,Champagne,Titre
t348,Jean-Jacques Goldman,Bonne idée,Titre
t349,Jean-Jacques Goldman,Un deux trois,Titre
t350,Jean-Jacques Goldman,Puisque tu pars,Titre
t351,Jean-Jacques Goldman,Elle attend,Titre
t352,Jean-Jacques Goldman,Quand la musique est bonne,Titre
t353,Jean-Jacques Goldman,Envole-moi,Titre
t354,Jean-Jacques Goldman / Mickael Jones,Je te donne,Titre
t355,Jean-Jacques Goldman,A nos actes manqués,Titre
t356,Jean-Jacques Goldman et Sirima,Là-bas,Titre
t357,Jean-Jacques Goldman,La vie par procuration   ,Titre
t358,Jean-Jacques Goldman,On ira,Titre
t359,Jean-Jacques Goldman,Je marche seul,Titre
t360,Jean-Jacques Goldman,Il suffira d’un signe,Titre
t361,Jean-Jacques Goldman,J'irai au bout de mes rêves,Titre
t362,Jean-Jacques Goldman,Encore un matin,Titre
t363,Jean-Jacques Goldman,Elle a fait un bébé toute seule,Titre
t364,Jean-Jacques Goldman,Comme toi,Titre
t365,Jean-Jacques Lafon,Le géant de papier,Titre
t366,Jean Leloup,1990,Titre
t367,Jean-Louis Aubert,Juste une illusion,Titre
t368,Jean-Louis Aubert,Les plages,Titre
t369,Jean-Louis Aubert,Voila c’est fini,Titre
t370,Jean-Luc Lahaye,Papa Chanteur,Titre
t371,Jeane Manson,Avant de nous dire adieu,Titre
t372,Jeanne Mas,En rouge et noir,Titre
t373,Jeanne Moreau,Le tourbillon,Titre
t374,Jeanne Moreau,J’ai la mémoire qui flanche,Titre
t375,Jean-Pierre François,Je te survivrai,Titre
t376,Jean-Pierre Madère,Macumba,Titre
t377,Jenifer,Ma révolution,Titre
t378,Jenifer,Je danse ,Titre
t379,Jenifer,Donne-moi le temps,Titre
t380,Jenifer,J’attends l’amour,Titre
t381,Jenifer,Au soleil,Titre
t382,Jenifer,Sur le fil,Titre
t383,Jenifer,Des mots qui résonnent,Titre
t384,Jesse Garon,C’est lundi,Titre
t385,Joe Dassin,Dans les yeux d’Emilie,Titre
t386,Joe Dassin,Il était une fois nous deux,Titre
t387,Joe Dassin,L’Amérique,Titre
t388,Joe Dassin,Le petit pain au chocolat,Titre
t389,Joe Dassin,La fleur aux dents,Titre
t390,Joe Dassin,Et si tu n’existais pas,Titre
t391,Joe Dassin,A toi,Titre
t392,Joe Dassin,Salut les amoureux,Titre
t393,Joe Dassin,Les Champs-Elysées,Titre
t394,Joelle Ursull,White and black blues,Titre
t395,Johnny Hallyday,Retiens la nuit,Titre
t396,Johnny Hallyday,Oh ma jolie Sarah,Titre
t397,Johnny Hallyday,Si j’étais charpentier,Titre
t398,Johnny Hallyday,Noir c’est noir,Titre
t399,Johnny Hallyday,Le bon temps du rock’nroll,Titre
t400,Johnny Hallyday,Allumer le feu,Titre
t401,Johnny Hallyday,Requiem pour un fou,Titre
t402,Johnny Hallyday,Le pénitencier,Titre
t403,Johnny Hallyday,Que je t’aime,Titre
t404,Johnny Hallyday,Vivre pour le meilleur,Titre
t405,Johnny Hallyday,J’oublierai ton nom,Titre
t406,Johnny Hallyday,L’envie,Titre
t407,Johnny Hallyday,Derrière l’amour,Titre
t408,Johnny Hallyday,La musique que j'aime,Titre
t409,Johnny Hallyday,Sang pour sang,Titre
t410,Joyce Jonathan,Ca ira,Titre
t411,Julien Clerc,Melissa,Titre
t412,Julien Clerc,Lili voulait aller danser,Titre
t413,Julien Clerc,Cœur de Rocker,Titre
t414,Julien Clerc,Laissons entrer le soleil,Titre
t415,Julien Clerc,Si on chantait,Titre
t416,Julien Clerc,La fille aux bas nylon,Titre
t417,Julien Clerc,Fais-moi une place,Titre
t418,Julien Clerc,Ma préférence,Titre
t419,Julien Clerc,Femmes je vous aime,Titre
t420,Julien Doré,Les limites,Titre
t421,Julien Doré,Kiss me forever,Titre
t422,Julie Pietri,Eve lève toi ,Titre
t423,Juliette Gréco,Déshabillez-moi,Titre
t424,Julie Zenatti,Si je m’en sors,Titre
t425,Julio Iglesias,Je n’ai pas changé,Titre
t426,Julio Iglesias,Pauvre Diable,Titre
t427,Kaolin,Partons vite,Titre
t428,Keen’V– Prince charmant,Titre
t429,Keen’V,J’aimerais trop,Titre
t430,Keen’V,Ma vie au soleil,Titre
t431,Keen’v,Les mots,Titre
t432,Khaled,Aicha,Titre
t433,K-Maro,Femme like U,Titre
t434,Koxie,Garçon,Titre
t435,Kyo,Dernière Danse,Titre
t436,Kyo & Sita,Le Chemin,Titre
t437,Laam,Petite Sœur,Titre
t438,La Compagnie Créole,Au bal masqué,Titre
t439,La Compagnie Créole,Ca fait rire les oiseaux,Titre
t440,L’affaire Louis Tryo,Tout mais pas ça,Titre
t441,La Grande Sophie,Du courage,Titre
t442,Lara Fabian et Maurane,Tu es mon autre,Titre
t443,Lara Fabian,Je t'aime,Titre
t444,Lara Fabian,Tout,Titre
t445,Lara Fabian,J’y crois encore,Titre
t446,Lara Fabian,Immortelle,Titre
t447,Lara Fabian,Humana,Titre
t448,Lara Fabian,Si tu m’aimes,Titre
t449,Lara Fabian,La différence,Titre
t450,Larusso,Tu m’oublieras,Titre
t451,Laurent Voulzy & Véronique Jannot,Désir désir,Titre
t452,Laurent Voulzy,Belle île en mer Marie Galante,Titre
t453,Laurent Voulzy ,Rockcollection ,Titre
t454,Laurent Voulzy,Le cœur grenadine,Titre
t455,Laurent Voulzy,Le pouvoir des fleurs,Titre
t456,Le Grand Orchestre Splendid,La salsa du démon,Titre
t457,Le Grand Orchestre Splendid,Macao,Titre
t458,Léopold Nord et Vous,C'est l'amour,Titre
t459,Le Roi Lion,L’amour brille sous les étoiles,Titre
t460,Le Roi Lion,L’histoire de la vie,Titre
t461,Les Chats Sauvages,Twist a St Tropez,Titre
t462,Les Chaussettes Noires,Daniela,Titre
t463,Les Choristes,Vois sur ton chemin,Titre
t464,Les Demoiselles de Rochefort,Chanson des jumelles,Titre
t465,Les dix commandements,Mon frère,Titre
t466,Les dix commandements,La peine maximum,Titre
t467,Les dix commandements,L'envie d'aimer,Titre
t468,Les Enfoirés,Attention au départ,Titre
t469,Les Enfoirés,La chanson des Restos,Titre
t470,Les Enfoirés,Si l’on s’aimait si,Titre
t471,Les Enfoirés,Encore un autre hiver,Titre
t472,Les Enfoirés,Ici les enfoirés,Titre
t473,Les Enfoirés ,Un jour de plus au paradis,Titre
t474,Les Innocents,Colore,Titre
t475,Les Innocents,Un homme extraordinaire,Titre
t476,Les Inconnus,Auteuil Neuilly Passy,Titre
t477,Les Innocents,L’autre Finistère,Titre
t478,Les Négresses vertes,Sous le soleil de bodega,Titre
t479,Les Négresses vertes,Voila l’été,Titre
t480,Les Poppys,Non non rien a changé,Titre
t481,Lilicub,Voyage en Italie,Titre
t482,Lio,Banana Split,Titre
t483,Lio,Fallait pas commencer,Titre
t484,Lio,Les brunes comptent pas pour des prunes,Titre
t485,Lorie,Sur un air latino,Titre
t486,Lorie,Toute seule,Titre
t487,Lorie,Positive Attitude,Titre
t488,Lorie,J’ai besoin d’amour,Titre
t489,Louis Bertignac,Ces idées-là,Titre
t490,Louise Attaque,Léa,Titre
t491,Louise Attaque,Les nuits parisiennes,Titre
t492,Louise Attaque,J’t’emmène au vent,Titre
t493,Louise Attaque,Ton invitation,Titre
t494,Louisy Joseph,Assis par terre,Titre
t495,L5,Toutes les femmes de ta vie,Titre
t496,-M-,Qui de nous deux,Titre
t497,-M-,Machistador,Titre
t498,-M-,Je dis aime,Titre
t499,-M-,Mama Sam,Titre
t500,-M-,Le roi des ombres,Titre
t501,Maitre Gims,Bella,Titre
t502,Maitre Gims,J’me tire,Titre
t503,Marc Lavoine,Les tournesols,Titre
t504,Marc Lavoine,Qu’est-ce que t’es belle,Titre
t505,Marc Lavoine,Je descends du singe,Titre
t506,Marc Lavoine,Chère amie (toutes mes excuses),Titre
t507,Marc Lavoine,Pour une biguine avec toi,Titre
t508,Marc Lavoine,Paris,Titre
t509,Marc Lavoine,Elle a les yeux révolver,Titre
t510,Marc Lavoine,C’est ça la France,Titre
t511,Marc Lavoine,Je me sens si seul,Titre
t512,Marc Lavoine,Toi mon amour,Titre
t513,Marc Lavoine Christina Marocco,J’ai tout oublié,Titre
t514,Marc Lavoine Claire Keim,Je ne veux qu’elle,Titre
t515,Marie Myriam,L'oiseau et l'enfant,Titre
t516,Marie Paule Belle,La parisienne,Titre
t517,Martin Circus,Je m’éclate au Sénégal,Titre
t518,Martin Circus,Marylène ,Titre
t519,Maurane,Toutes les mamas,Titre
t520,Maxime Le Forestier,Né quelque part,Titre
t521,Maxime le Forestier,San Francisco,Titre
t522,MC Solaar,Caroline,Titre
t523,MC Solaar,Titre
t524,Mécano,Une femme avec une femme,Titre
t525,Menelik,Bye-bye,Titre
t526,Michel Blanc,Viens chez moi j’habite chez une copine,Titre
t527,Michel Berger,La groupie du pianiste ,Titre
t528,Michel Berger,Le paradis blanc,Titre
t529,Michel Berger,Diego Libre dans sa tête,Titre
t530,Michel Berger,Celui qui chante,Titre
t531,Michel Berger,Quelques mots d’amour,Titre
t532,Michel Berger,Les princes des villes,Titre
t533,Michel Berger,Seras-tu là,Titre
t534,Michel Berger,Chanter pour ceux qui sont loin de chez eux,Titre
t535,Michel Berger,Mademoiselle Chang,Titre
t536,Michel Delpech,Pour un flirt,Titre
t537,Michel Delpech,Le chasseur,Titre
t538,Michel Delpech,Quand j’étais chanteur,Titre
t539,Michel Delpech,Le Loir-et-Cher,Titre
t540,Michel Delpech,White is white,Titre
t541,Michel Fugain,La fête,Titre
t542,Michel Fugain,Les acadiens,Titre
t543,Michel Fugain,Chante comme si tu devais mourir demain,Titre
t544,Michel Fugain,Attention mesdames et messieurs,Titre
t545,Michel Fugain,Une belle histoire,Titre
t546,Michel Fugain,Viva la vida,Titre
t547,Michel Jonasz,Les vacances au bord de la mer,Titre
t548,Michel Jonasz,Joueur de blues,Titre
t549,Michel Jonasz,Dites-moi,Titre
t550,Michel Jonasz,Je voulais te dire que je t’attends,Titre
t551,Michelle Torr,Emmène-moi danser ce soir,Titre
t552,Michel Polnareff,Lettre à France,Titre
t553,Michel Polnareff,Goodbye Marilou,Titre
t554,Michel Polnareff,On ira tous au paradis,Titre
t555,Michel Polnareff,Love me please love me,Titre
t556,Michel Polnareff,Dans la maison vide,Titre
t557,Michel Polnareff,Holidays,Titre
t558,Michel Polnareff,La poupée qui fait non,Titre
t559,Michel Polnareff,Tout pour ma chérie,Titre
t560,Michel Sardou,Les lacs du Connemara ,Titre
t561,Michel Sardou ,La java de Broadway,Titre
t562,Michel Sardou,J’habite en France,Titre
t563,Michel Sardou,Je vais t’aimer,Titre
t564,Michel Sardou,Le France,Titre
t565,Michel Sardou,Le Surveillant Général,Titre
t566,Michel Sardou,Dix ans plus tôt,Titre
t567,Michel Sardou,Mourir de plaisir,Titre
t568,Michel Sardou,La fille aux yeux clairs,Titre
t569,Michel Sardou,Les vieux mariés,Titre
t570,Michel Sardou,Chanteur de Jazz,Titre
t571,Michel Sardou,Les bals populaires,Titre
t572,Michel Sardou,La maladie d'amour,Titre
t573,Michel Sardou,Je viens du sud,Titre
t574,Michel Sardou,En chantant,Titre
t575,Michel Sardou,Etre une femme,Titre
t576,Mickael Miro,L’horloge tourne,Titre
t577,Mickey 3D,Respire,Titre
t578,Mika,Elle me dit,Titre
t579,Mike Brant,Laisse-moi t’aimer,Titre
t580,Mike Brant,C’est comme ça que je t’aime,Titre
t581,Mike Brant,C’est ma prière,Titre
t582,Mike Brant,Dis-lui (feelings),Titre
t583,Mike Brant,Rien qu’une larme,Titre
t584,Moos,Au nom de la rose,Titre
t585,Mozart l’Opéra Rock,C’est bientôt la fin,Titre
t586,Mozart l’Opéra Rock,Le bien qui fait mal,Titre
t587,Mozart l’Opéra Rock,L’assasymphonie,Titre
t588,Mozart l’Opéra Rock,Tatoue-moi,Titre
t589,M Pokora,Elle me contrôle,Titre
t590,Muriel Dacq,Tropique,Titre
t591,Mylène Farmer,L’instant X,Titre
t592,Mylène Farmer,Pourvu qu’elles soient douces,Titre
t593,Mylène Farmer,XXL,Titre
t594,Mylène Farmer,Maman a tort,Titre
t595,Mylène Farmer,Désenchantée,Titre
t596,Mylène Farmer,Libertine,Titre
t597,Mylène Farmer,Sans contrefaçon,Titre
t598,Nadya,Et c’est parti,Titre
t599,Nadya,Parle-moi,Titre
t600,Nana Mouskouri,Quand tu chantes,Titre
t601,Natasha St-Pier Sonia Lacen Elisa Tovati,Rappelle-toi,Titre
t602,Natasha St-Pier,Tu trouveras,Titre
t603,Native,L’air du vent,Titre
t604,Native,Si la vie demande ça,Titre
t605,Niagara,Je dois m'en aller,Titre
t606,Niagara,J'ai Vu,Titre
t607,Niagara,L’amour à la plage,Titre
t608,Nicolas Peyrac,Et mon père,Titre
t609,Nicolas Peyrac,Je pars (le vol de nuit s’en va),Titre
t610,Nicole Croisille,Parlez-moi de lui,Titre
t611,Nicole Croisille,Femme avec toi,Titre
t612,Nicoletta,La musique,Titre
t613,Nino Ferrer,Le sud,Titre
t614,Nino Ferrer,Les cornichons,Titre
t615,Nino Ferrer,Le téléfon,Titre
t616,Nino Ferrer,Oh hé hein bon,Titre
t617,Nino Ferrer,Mirza,Titre
t618,Noam,Goldorak,Titre
t619,Noir Désir,L’homme pressé,Titre
t620,Noir Désir,Aux sombres héros de l’amer,Titre
t621,Noir Désir,Le vent nous portera,Titre
t622,Nolwenn Leroy,Juste pour me souvenir,Titre
t623,Nolwenn Leroy,Cassé,Titre
t624,Notre Dame de Paris,Belle,Titre
t625,Notre Dame de Paris,Vivre,Titre
t626,Notre Dame de Paris,Le temps des cathédrales,Titre
t627,Olivia Ruiz,La femme chocolat,Titre
t628,Olivia Ruiz,J’traine des pieds,Titre
t629,Olivia Ruiz,Elle panique,Titre
t630,Olivia Ruiz,Belle a en crever,Titre
t631,Ophélie Winter,Dieu m'a donné la foi,Titre
t632,Ottawan,Haut les mains,Titre
t633,Partenaire particulier,Partenaire particulier,Titre
t634,Pascal Obispo,Plus que tout au monde,Titre
t635,Pascal Obispo,Assassine,Titre
t636,Pascal Obispo,Personne,Titre
t637,Pascal Obispo,Lucie,Titre
t638,Pascal Obispo ; Natasha St-Pier,Mourir demain,Titre
t639,Pascal Obispo,Sa raison d’être,Titre
t640,Pascal Obispo,Tombé pour elle,Titre
t641,Pascal Obispo,Millésime,Titre
t642,Pascal Obispo,Fan,Titre
t643,Pascal Obispo,L’important c’est d’aimer,Titre
t644,Pascal Obispo & Zazie,Les meilleurs ennemis,Titre
t645,Patricia Kaas,Mon mec à moi,Titre
t646,Patricia Kaas,Mademoiselle chante le blues,Titre
t647,Patricia Kaas,Quand Jimmy dit,Titre
t648,Patricia Kaas,Il me dit que je suis belle,Titre
t649,Patricia Kaas,Elle voulait jouer cabaret,Titre
t650,Patrick Bruel,Marre de cette nana-là,Titre
t651,Patrick Bruel,Comment ça va pour vous,Titre
t652,Patrick Bruel,Au café des délices,Titre
t653,Patrick Bruel,Qui a le droit,Titre
t654,Patrick Bruel,Lequel de nous,Titre
t655,Patrick Bruel,Casser la voix,Titre
t656,Patrick Bruel,J’te le dis quand même,Titre
t657,Patrick Bruel,Alors regarde,Titre
t658,Patrick Bruel,Place des grands hommes,Titre
t659,Patrick Coutin,J’aime regarder les filles,Titre
t660,Patrick Fiori,Peut-être que peut-être,Titre
t661,Patrick Fiori,Que tu reviennes,Titre
t662,Patrick Juvet,Où sont les femmes,Titre
t663,Pauline,Allo le monde,Titre
t664,Pauline Ester,Oui je l’adore,Titre
t665,Peter ; Sloane,Besoin de rien envie de toi,Titre
t666,Pétula Clark,La gadoue,Titre
t667,Philippe Katerine,Louxor j’adore,Titre
t668,Philippe Lavil,Elle préfère l’amour en mer,Titre
t669,Philippe Lavil,Il tape sur des bambous,Titre
t670,Pink Martini,Je ne veux pas travailler,Titre
t671,Pierpoljak,Je sais pas jouer,Titre
t672,Pierre Perret,La cage aux oiseaux,Titre
t673,Pierre Perret,Le zizi,Titre
t674,Pierre Perret,Les jolies colonies de vacances,Titre
t675,Plastic Bertrand,Ca plane pour moi,Titre
t676,Pow Wow,Le chat,Titre
t677,Raphaël,Caravane,Titre
t678,Régine,Les p’tits papiers,Titre
t679,Renan Luce,La lettre,Titre
t680,Renan Luce,Les voisines,Titre
t681,Renaud,Miss Maggie,Titre
t682,Renaud,Mistral gagnant,Titre
t683,Renaud,Dès que le vent soufflera,Titre
t684,Renaud,Marche à l’ombre,Titre
t685,Renaud & Axelle Red,Manhattan-Kaboul,Titre
t686,Richard Anthony,A présent tu peux t’en aller,Titre
t687,Richard Cocciante,Le coup de soleil,Titre
t688,Rita Mitsouko,Zorro est arrivé,Titre
t689,Rita Mitsouko,Marcia Baïla,Titre
t690,Rita Mitsouko ,C'est comme ça,Titre
t691,Rita Mitsouko,Andy,Titre
t692,Rita Mitsouko ,Les histoires d'A ,Titre
t693,Robin des Bois,A nous,Titre
t694,Robin des Bois,Le jour qui se rève,Titre
t695,Roch Voisine,Tant pis,Titre
t696,Roch Voisine,Avant de partir,Titre
t697,Roch Voisine,Hélène,Titre
t698,Roméo & Juliette,Les rois du monde,Titre
t699,Roméo & Juliette,Aimer,Titre
t700,Rose,La liste,Titre
t701,Rose Laurens,Africa,Titre
t702,Sabine Paturel,Les bétises,Titre
t703,Saez,Jeune et con,Titre
t704,Salvadore Adamo,Vous permettez Monsieur,Titre
t705,Salvadore Adamo,Mes mains sur tes hanches,Titre
t706,Serge Gainsbourg,Elisa,Titre
t707,Serge Gainsbourg,Sea sex and sun,Titre
t708,Serge Gainsbourg,Le poinçonneur des lilas,Titre
t709,Serge Gainsbourg,La javanaise,Titre
t710,Serge Gainsbourg,L’amie Caouette,Titre
t711,Serge Gainsbourg et Brigitte Bardot,Bonnie and Clyde,Titre
t712,Serge Lama,Les petites femmes de Pigalle,Titre
t713,Serge Lama,Superman,Titre
t714,Serge Lama,D’aventures en aventures,Titre
t715,Serge Lama,Je suis malade,Titre
t716,Sexion d’Assaut,Avant qu’elle parte,Titre
t717,Sexion d’Assaut,Désolé	,Titre
t718,Sheila et Ringo,Les gondoles à Venise,Titre
t719,Sheila,Les rois mages,Titre
t720,Shy’m,Je sais,Titre
t721,Shy’m,Et alors,Titre
t722,Shy’m,Femme de couleur,Titre
t723,Sinclair,Ensemble,Titre
t724,Sinclair,Si c’est bon comme ça,Titre
t725,Starmania,Le blues du businessman,Titre
t726,Starmania,Le monde est stone,Titre
t727,Starmania,Quand on arrive en ville,Titre
t728,Starmania,Complainte de la serveuse automate,Titre
t729,Starmania,Un garçon pas comme les autres,Titre
t730,Starmania,Les uns contre les autres,Titre
t731,Starmania,Besoin d’amour,Titre
t732,Starmania,Quand on a plus rien a perdre,Titre
t733,Stephan Eicher,Des hauts des bas,Titre
t734,Stephan Eicher,Combien de temps,Titre
t735,Stephan Eicher,Pas d’ami (comme toi),Titre
t736,Stephan Eicher,Déjeuner en paix,Titre
t737,Stéphanie de Monaco,Ouragan,Titre
t738,Stone et Charden,Il y a du soleil sur la France,Titre
t739,Stone et Charden,L’avventura,Titre
t740,Stone et Charden,Made In Normandie,Titre
t741,Stone et Charden,Le prix des allumettes,Titre
t742,Stromae,Alors on danse,Titre
t743,Stromae,Papaoutai,Titre
t744,Stromae,Formidable,Titre
t745,Superbus,Allo Lola,Titre
t746,Superbus,Butterfly,Titre
t747,Superbus,Mes défauts,Titre
t748,Sylvie Vartan,Comme un garçon,Titre
t749,Sylvie Vartan,Qu’est-ce qui fait pleurer les blondes,Titre
t750,Sylvie Vartan,La plus belle pour aller danser,Titre
t751,Tal,Le sens de la vie,Titre
t752,Tal,Rien n’est parfait,Titre
t753,Téléphone,Argent trop cher,Titre
t754,Téléphone,Le jour s’est levé,Titre
t755,Téléphone,Cendrillon,Titre
t756,Téléphone,Ca c'est vraiment toi,Titre
t757,Téléphone,La Bombe humaine,Titre
t758,Téléphone,Un autre monde,Titre
t759,Téléphone,New-york avec toi,Titre
t760,Téléphone,Hygiaphone,Titre
t761,Teri Moise,Les poèmes de Michelle,Titre
t762,Tété,A la faveur de l’automne,Titre
t763,Thierry Hazard,Le jerk,Titre
t764,Thierry Pastor,Le coup de folie,Titre
t765,Thierry Pastor,Sur des musiques noires,Titre
t766,Thomas Dutronc,Comme un manouche sans guitare,Titre
t767,Thomas Dutronc,J’aime plus Paris,Titre
t768,Tina Aréna,Aller plus haut,Titre
t769,Tina Aréna,Aimer jusqu’à l’impossible,Titre
t770,Tragédie,Hé oh,Titre
t771,Trust,Antisocial,Titre
t772,TV,L’ile aux enfants,Titre
t773,TV,Starsky et Hutch,Titre
t774,TV,Pour l’amour du risque,Titre
t775,Vanessa Paradis & M,La seine,Titre
t776,Vanessa Paradis,Dès qu’j’te vois,Titre
t777,Vanessa Paradis,Il y a,Titre
t778,Vanessa Paradis,Joe le taxi,Titre
t779,Vanessa Paradis,Love song,Titre
t780,Vanessa Paradis –Marylin et John,Titre
t781,Vanessa Paradis,Tandem,Titre
t782,Vanessa Paradis,Dis-lui toi que je t’aime,Titre
t783,Vanessa Paradis,Divine Idylle,Titre
t784,Véronique Sanson,Amoureuse,Titre
t785,Véronique Sanson,Chanson sur ma drôle de vie,Titre
t786,Véronique Sanson,Ma révérence,Titre
t787,Véronique Sanson,Vancouver,Titre
t788,Véronique Sanson,Besoin de personne,Titre
t789,Véronique Sanson,Comme je l’imagine,Titre
t790,Yannick,Ces soirées-là,Titre
t791,Yannick Noah,Simon Papa Tara,Titre
t792,Yannick Noah ,Donne-moi une vie,Titre
t793,Yannick Noah,Destination Ailleurs,Titre
t794,Yannick Noah,Angela,Titre
t795,Yannick Noah,Les lionnes,Titre
t796,Ycare,Lap Dance,Titre
t797,Zaz ,Je veux,Titre
t798,Zaz,Le long de la route,Titre
t799,Zaz,On ira,Titre
t800,Zaz,La fée,Titre
t801,Zazie,Rue de la paix,Titre
t802,Zazie,Larsen,Titre
t803,Zazie,Zen,Titre
t804,Zazie,Je suis un homme,Titre
t805,Zazie,Un point c’est toi,Titre
t806,Zebda,Tomber la chemise,Titre
t807,1789,Ca ira mon amour,Titre
t808,1789,Pour la peine,Titre
t809,2 Be 3,2 Be 3,Titre
t810,2 Be 3,Partir un jour,Titre
